Unnamed: 0,product_id,product_category,price,VAP,vendor_id,country,pet_size,pet_type,rating,re_buy,quantity
0,5040,Equipment,7293,0,VC_1605,Vietnam,small,fish,7,1,110.7
1,5040,Toys,9304,1,VC_1132,India,small,cat,10,0,54.9
2,5040,Toys,8180,0,VC_802,India,small,hamster,6,0,196.2
3,5040,Snack,18559,1,VC_929,India,large,dog,1,1,62.1
4,5040,Supplements,10283,1,VC_749,India,large,dog,10,0,124.2
5,5040,Bedding,3969,1,VC_1174,India,large,cat,10,0,164.7
6,5040,Toys,13519,1,VC_945,India,extra_small,dog,8,0,71.10000000000001
7,5040,Bedding,13078,0,VC_954,India,large,cat,9,0,184.5
8,5040,Supplements,13701,0,VC_1262,Belgium,small,cat,10,0,104.4
9,5040,Medicine,19082,1,VC_803,India,medium,dog,10,1,126.9
10,5040,Snack,14479,1,VC_1215,India,extra_small,dog,10,1,166.5
11,4360,Supplements,9778,1,VC_925,India,extra_small,dog,10,0,45.0
12,4588,Housing,16267,0,VC_1153,India,medium,dog,10,1,83.7
13,4319,Food,4624,0,VC_884,India,large,cat,3,0,172.8
14,4613,Supplements,13200,1,VC_1178,India,medium,cat,10,1,167.4
15,4890,Equipment,13313,1,VC_1455,Singapore,small,dog,6,0,163.8
16,4777,Snack,3479,0,VC_1342,Belgium,medium,cat,7,0,206.1
17,4541,Equipment,8419,1,VC_1106,India,extra_large,cat,10,0,166.5
18,4737,Food,11817,1,VC_1302,Belgium,medium,cat,7,0,116.1
19,4341,Food,840,0,VC_906,India,extra_large,cat,5,1,113.4
20,4478,Housing,15075,1,VC_1043,India,medium,dog,3,1,189.0
21,4179,Clothes,17941,1,VC_744,India,large,cat,3,0,83.7
22,4384,Accessory,10308,0,VC_949,India,large,dog,1,1,183.6
23,4561,Food,8357,0,VC_1126,India,extra_large,cat,10,99,201.6
24,4271,Medicine,1693,0,VC_836,India,extra_large,fish,4,1,169.2
25,4464,Equipment,11357,0,VC_1029,India,large,dog,6,0,127.8
26,4615,Accessory,19039,0,VC_1180,India,extra_small,cat,10,0,117.9
27,4671,Food,17959,1,VC_1236,India,extra_large,cat,10,1,7.2
28,4456,Housing,13762,0,VC_1021,India,extra_large,dog,6,1,54.9
29,4316,Supplements,5198,1,VC_881,India,extra_large,dog,6,1,19.8
30,4756,Medicine,10579,1,VC_1321,Turkey,small,dog,7,0,153.0
31,5025,Equipment,18975,1,VC_1590,Singapore,medium,bird,6,1,154.8
32,4595,Snack,9420,1,VC_1160,India,extra_small,cat,10,0,105.3
33,4575,Clothes,6781,0,VC_1140,India,extra_small,cat,10,1,66.60000000000001
34,4891,Snack,18124,0,VC_1456,Turkey,medium,cat,6,0,123.3
35,4513,Medicine,15047,0,VC_1078,India,medium,cat,9,1,37.8
36,4208,Accessory,6153,0,VC_773,,medium,dog,1,1,196.2
37,5021,Toys,18629,0,VC_1586,Turkey,medium,bird,6,1,176.4
38,4224,Bedding,10958,0,VC_789,India,large,bird,1,1,10.8
39,4938,Equipment,10668,0,VC_1503,USA,small,dog,6,0,145.8
40,4551,Snack,9905,1,VC_1116,India,extra_large,cat,10,99,90.0
41,4477,Bedding,6464,1,VC_1042,India,small,cat,6,1,181.8
42,4648,Accessory,1489,0,VC_1213,India,medium,dog,10,0,207.0
43,4506,Food,6676,1,VC_1071,India,extra_large,dog,9,1,11.7
44,4594,Food,881,0,VC_1159,India,large,dog,10,0,128.7
45,4813,Snack,7109,0,VC_1378,USA,medium,cat,2,99,47.7
46,4273,Grooming,5330,0,VC_838,India,medium,hamster,1,0,22.5
47,4945,Snack,14824,1,VC_1510,Singapore,medium,cat,6,0,18.9
48,4913,Toys,13402,1,VC_1478,USA,medium,cat,6,0,191.7
49,4640,Equipment,14208,1,VC_1205,India,extra_small,dog,10,1,18.9
50,4427,Grooming,944,0,VC_992,India,small,cat,2,0,90.9
51,4476,Clothes,5849,0,VC_1041,India,extra_large,dog,9,1,169.2
52,4443,Clothes,17011,1,VC_1008,India,medium,cat,1,1,202.5
53,4451,Food,4722,0,VC_1016,India,extra_large,cat,2,1,125.1
54,4830,Equipment,6841,1,VC_1395,Singapore,small,dog,2,99,126.0
55,4865,Toys,13760,1,VC_1430,Singapore,medium,cat,6,1,200.7
56,5001,Equipment,15696,0,VC_1566,Turkey,medium,bird,6,0,99.0
57,5048,Toys,12989,0,VC_1613,Vietnam,small,fish,7,1,59.4
58,4509,Clothes,13175,1,VC_1074,India,large,cat,3,1,49.5
59,4441,Snack,14030,1,VC_1006,,extra_large,cat,8,1,13.5
60,4857,Equipment,13558,0,VC_1422,Belgium,medium,cat,1,1,22.5
61,4434,Housing,8446,1,VC_999,India,large,dog,2,1,153.0
62,4531,Clothes,6162,1,VC_1096,India,extra_large,cat,7,1,79.2
63,5049,Equipment,13722,0,VC_1614,Sri Lanka,medium,bird,7,1,66.60000000000001
64,4818,Equipment,16899,1,VC_1383,USA,small,dog,2,1,27.0
65,4258,Housing,14110,0,VC_823,India,medium,rabbit,2,0,181.8
66,4426,Supplements,18570,1,VC_991,India,extra_large,dog,8,0,205.2
67,4599,Housing,5804,1,VC_1164,India,large,cat,10,1,207.0
68,4750,Medicine,7730,0,VC_1315,Singapore,small,dog,7,1,99.9
69,4261,Supplements,8774,1,VC_826,India,extra_large,hamster,1,1,22.5
70,4500,Housing,366,0,VC_1065,India,extra_small,dog,8,1,159.3
71,4988,Toys,16562,0,VC_1553,,small,fish,6,0,58.5
72,4482,Grooming,2052,0,VC_1047,,small,dog,4,1,189.0
73,4565,Bedding,2189,1,VC_1130,India,extra_small,cat,10,99,76.5
74,4284,Grooming,15632,1,VC_849,India,large,bird,4,0,181.8
75,4428,Accessory,6628,0,VC_993,India,medium,dog,8,0,126.0
76,4215,Toys,12025,0,VC_780,India,extra_small,cat,3,1,160.2
77,4216,Medicine,12411,1,VC_781,India,extra_large,rabbit,8,99,135.9
78,4995,Equipment,7162,0,VC_1560,Singapore,medium,bird,6,0,22.5
79,4880,Toys,3374,0,VC_1445,Singapore,small,dog,6,0,9.9
80,4253,Food,16618,1,VC_818,India,medium,fish,6,1,63.9
81,4373,Accessory,18428,1,VC_938,India,medium,cat,5,1,124.2
82,4952,Toys,8239,1,VC_1517,Belgium,small,dog,6,0,18.0
83,4280,Housing,2586,0,VC_845,India,extra_small,dog,7,0,57.6
84,4254,Snack,6305,0,VC_819,India,large,bird,10,0,102.6
85,4682,Supplements,16350,0,VC_1247,India,small,dog,10,1,128.7
86,4525,Supplements,14310,0,VC_1090,India,extra_small,cat,5,0,103.5
87,4191,Bedding,17625,0,VC_756,India,extra_large,cat,6,1,144.0
88,4432,Clothes,8258,1,VC_997,,small,dog,10,0,123.3
89,4189,Equipment,3824,0,VC_754,India,large,hamster,6,1,15.3
90,4533,Housing,3839,1,VC_1098,India,medium,cat,7,1,31.5
91,4375,Snack,5707,0,VC_940,India,extra_small,cat,1,0,105.3
92,4581,Grooming,9081,1,VC_1146,India,extra_large,cat,10,0,169.2
93,4936,Snack,6845,0,VC_1501,Turkey,small,dog,6,99,109.8
94,4338,Supplements,4804,1,VC_903,India,medium,dog,10,0,146.7
95,4498,Clothes,10257,1,VC_1063,India,medium,dog,4,1,135.9
96,4293,Medicine,1546,0,VC_858,,medium,cat,8,1,59.4
97,4520,Clothes,256,1,VC_1085,India,extra_small,dog,4,1,126.9
98,4629,Equipment,13957,0,VC_1194,India,large,cat,10,1,69.3
99,4874,Toys,3101,1,VC_1439,Germany,small,dog,6,0,40.5
100,4775,Toys,8315,1,VC_1340,Singapore,medium,cat,7,0,154.8
101,4439,Accessory,7497,1,VC_1004,India,large,cat,3,0,91.8
102,4875,Equipment,6593,1,VC_1440,Singapore,medium,cat,6,0,106.2
103,4839,Equipment,12472,1,VC_1404,Germany,medium,cat,1,1,112.5
104,4556,Toys,15504,0,VC_1121,India,extra_large,dog,10,0,46.8
105,4811,Toys,18459,1,VC_1376,Turkey,medium,cat,2,1,108.9
106,4491,Medicine,2039,0,VC_1056,India,extra_large,cat,5,99,135.9
107,4685,Supplements,19365,0,VC_1250,Singapore,extra_small,cat,10,1,65.7
108,4752,Food,2703,0,VC_1317,Belgium,small,dog,7,0,104.4
109,4991,Toys,482,0,VC_1556,Turkey,medium,bird,6,0,106.2
110,4923,Equipment,17573,0,VC_1488,USA,medium,cat,6,0,19.8
111,4977,Equipment,4211,1,VC_1542,Belgium,medium,bird,6,0,120.6
112,4674,Clothes,16297,0,VC_1239,India,large,dog,10,0,44.1
113,4628,Snack,12188,1,VC_1193,India,medium,dog,10,1,144.9
114,4356,Bedding,12577,0,VC_921,India,extra_large,dog,1,1,102.6
115,4289,Clothes,12720,1,VC_854,India,large,fish,6,0,144.0
116,4696,Medicine,16160,1,VC_1261,Turkey,extra_large,dog,10,0,139.5
117,4863,Equipment,1679,0,VC_1428,USA,medium,cat,6,1,67.5
118,4197,Accessory,2495,1,VC_762,India,small,cat,8,1,81.0
119,4220,Food,15175,1,VC_785,India,extra_small,dog,2,1,90.9
120,4577,Housing,10170,1,VC_1142,India,small,cat,10,0,12.6
121,4187,Food,8334,1,VC_752,India,small,fish,5,0,5.4
122,4681,Medicine,7552,1,VC_1246,India,extra_large,cat,10,0,18.0
123,4562,Snack,15857,1,VC_1127,India,small,dog,10,0,137.7
124,4453,Equipment,10339,0,VC_1018,India,medium,cat,5,0,169.2
125,4858,Snack,6622,0,VC_1423,USA,small,dog,1,1,149.4
126,4233,Equipment,12365,0,VC_798,,medium,cat,3,1,97.2
127,5015,Toys,2697,1,VC_1580,Singapore,medium,bird,6,1,53.1
128,4801,Snack,4525,0,VC_1366,Turkey,medium,cat,7,1,157.5
129,4717,Medicine,14971,1,VC_1282,Belgium,medium,cat,10,1,70.2
130,4198,Food,9192,1,VC_763,India,medium,rabbit,9,0,78.3
131,4980,Equipment,2982,0,VC_1545,Singapore,small,fish,6,0,113.4
132,4315,Medicine,10730,1,VC_880,India,extra_small,cat,2,0,186.3
133,4592,Grooming,9095,0,VC_1157,India,small,dog,10,0,30.6
134,4906,Snack,12479,0,VC_1471,Turkey,small,dog,6,0,77.4
135,4837,Snack,1096,0,VC_1402,Belgium,medium,cat,2,1,22.5
136,4922,Toys,17032,0,VC_1487,Belgium,small,dog,6,0,176.4
137,4870,Snack,4615,0,VC_1435,Singapore,small,dog,6,0,32.4
138,4634,Medicine,17059,1,VC_1199,India,large,dog,10,0,44.1
139,4716,Food,4531,0,VC_1281,Turkey,small,dog,10,0,89.10000000000001
140,4269,Housing,16371,1,VC_834,India,large,cat,2,0,164.7
141,5004,Equipment,11762,1,VC_1569,Germany,small,fish,6,0,104.4
142,4954,Snack,300,1,VC_1519,Germany,small,dog,6,0,84.60000000000001
143,4796,Toys,14526,1,VC_1361,Turkey,small,dog,7,1,72.0
144,4799,Toys,13022,1,VC_1364,Germany,medium,cat,7,1,165.6
145,4240,Grooming,14791,0,VC_805,India,extra_small,rabbit,8,0,162.0
146,4937,Toys,8580,1,VC_1502,Belgium,medium,cat,6,0,67.5
147,4981,Snack,16581,1,VC_1546,Turkey,medium,bird,6,0,135.0
148,4790,Toys,12241,1,VC_1355,Singapore,small,dog,7,99,71.10000000000001
149,4181,Housing,3147,0,VC_746,India,extra_large,fish,8,1,39.6
150,4259,Toys,7444,0,VC_824,India,large,fish,8,0,87.3
151,5047,Snack,12203,1,VC_1612,Sri Lanka,medium,bird,7,1,84.60000000000001
152,4377,Clothes,16816,1,VC_942,India,small,cat,8,1,59.4
153,4537,Grooming,1823,0,VC_1102,India,small,cat,6,99,54.9
154,4624,Supplements,4397,1,VC_1189,India,large,dog,10,0,63.0
155,4951,Snack,9579,1,VC_1516,Turkey,medium,cat,6,99,171.0
156,4774,Snack,4041,0,VC_1339,Germany,small,dog,7,0,162.9
157,4411,Bedding,2572,1,VC_976,India,extra_large,cat,2,99,145.8
158,4953,Equipment,1686,0,VC_1518,USA,medium,cat,6,0,41.4
159,4431,Equipment,13525,0,VC_996,India,extra_large,cat,4,1,97.2
160,4394,Grooming,3640,0,VC_959,,large,dog,6,1,18.9
161,4765,Medicine,12589,1,VC_1330,Singapore,medium,cat,7,1,134.1
162,4447,Medicine,6103,0,VC_1012,India,small,cat,5,0,165.6
163,4335,Housing,7348,0,VC_900,India,extra_small,cat,4,0,137.7
164,4895,Toys,3937,0,VC_1460,Singapore,medium,cat,6,0,126.0
165,4655,Toys,4418,1,VC_1220,India,extra_small,cat,10,99,42.3
166,4557,Medicine,14217,0,VC_1122,India,small,cat,10,0,41.4
167,4963,Snack,12089,0,VC_1528,USA,medium,bird,6,0,116.1
168,4871,Toys,4381,1,VC_1436,Turkey,medium,cat,6,0,37.8
169,4244,Equipment,14435,0,VC_809,India,large,dog,6,1,27.9
170,4419,Snack,17287,1,VC_984,India,large,cat,5,1,57.6
171,4606,Snack,16465,1,VC_1171,India,extra_large,dog,10,0,18.0
172,4975,Snack,9627,0,VC_1540,Singapore,medium,bird,6,0,171.9
173,5033,Toys,6660,1,VC_1598,Sri Lanka,medium,bird,6,1,71.10000000000001
174,4358,Toys,17918,0,VC_923,,medium,dog,6,0,2.7
175,4788,Equipment,2083,1,VC_1353,USA,small,dog,7,1,88.2
176,4698,Food,2594,1,VC_1263,USA,medium,dog,10,1,117.0
177,4266,Equipment,18574,1,VC_831,,extra_large,bird,5,0,201.6
178,4792,Snack,1613,0,VC_1357,Belgium,small,dog,7,0,195.3
179,4503,Supplements,10372,1,VC_1068,India,medium,cat,4,1,125.1
180,4201,Clothes,18284,1,VC_766,India,extra_large,hamster,5,1,108.9
181,4679,Supplements,19203,1,VC_1244,India,large,cat,10,1,182.7
182,4998,Equipment,11282,0,VC_1563,USA,small,fish,6,0,180.0
183,4855,Snack,12718,1,VC_1420,Singapore,medium,cat,1,1,135.9
184,5029,Snack,8085,1,VC_1594,Germany,medium,bird,6,1,162.9
185,4759,Medicine,100,0,VC_1324,Germany,medium,cat,7,0,64.8
186,4602,Supplements,4722,1,VC_1167,India,small,dog,10,1,127.8
187,4663,Clothes,3377,0,VC_1228,India,medium,cat,10,1,201.6
188,4270,Toys,9707,0,VC_835,India,extra_small,rabbit,5,0,72.0
189,4260,Medicine,8608,0,VC_825,India,extra_small,bird,4,0,71.10000000000001
190,4242,Food,1109,0,VC_807,India,small,bird,3,1,127.8
191,4639,Snack,1853,1,VC_1204,India,large,cat,10,1,160.2
192,4515,Grooming,16248,0,VC_1080,India,extra_small,cat,4,0,78.3
193,4538,Accessory,3138,0,VC_1103,,medium,dog,4,1,45.0
194,4173,Supplements,9074,0,VC_738,India,medium,cat,1,0,71.10000000000001
195,4363,Food,11419,1,VC_928,India,medium,cat,7,0,2.7
196,4744,Medicine,1867,1,VC_1309,Germany,small,dog,7,1,50.4
197,4766,Toys,18950,0,VC_1331,Turkey,small,dog,7,1,171.9
198,4410,Clothes,1701,0,VC_975,India,extra_small,dog,7,0,175.5
199,4217,Supplements,2778,0,VC_782,India,small,fish,6,1,159.3
200,4182,Toys,3877,1,VC_747,India,small,bird,6,0,63.0
201,4255,Equipment,1051,1,VC_820,India,extra_small,hamster,8,0,50.4
202,4877,Toys,3609,0,VC_1442,Belgium,medium,cat,6,0,174.6
203,4570,Grooming,10381,1,VC_1135,,extra_small,dog,10,0,162.9
204,4898,Toys,17078,0,VC_1463,USA,small,dog,6,0,116.1
205,4178,Equipment,6896,0,VC_743,India,medium,dog,4,1,108.0
206,4298,Snack,17038,0,VC_863,India,medium,dog,9,0,189.9
207,4778,Toys,3811,0,VC_1343,USA,small,dog,7,0,92.7
208,4793,Toys,1139,0,VC_1358,USA,medium,cat,7,1,23.4
209,4474,Snack,4806,0,VC_1039,India,large,dog,7,0,158.4
210,4916,Toys,4999,0,VC_1481,Turkey,small,dog,6,0,86.4
211,5036,Toys,15026,1,VC_1601,Vietnam,small,fish,7,1,180.0
212,4511,Housing,819,1,VC_1076,India,extra_large,cat,2,0,27.9
213,4647,Grooming,9346,1,VC_1212,India,small,cat,10,1,19.8
214,4514,Supplements,2451,0,VC_1079,India,large,dog,8,0,108.0
215,4526,Grooming,10430,0,VC_1091,India,extra_large,dog,6,1,103.5
216,4190,Clothes,4546,0,VC_755,India,extra_small,dog,2,0,51.3
217,4469,Medicine,3695,0,VC_1034,India,large,cat,1,0,79.2
218,4542,Clothes,18886,1,VC_1107,India,small,dog,10,0,200.7
219,4452,Snack,2782,0,VC_1017,India,small,dog,3,1,124.2
220,4268,Bedding,12483,1,VC_833,India,medium,dog,9,1,146.7
221,4413,Toys,9925,1,VC_978,India,medium,cat,9,99,16.2
222,4307,Accessory,18320,0,VC_872,,small,fish,8,0,165.6
223,4986,Equipment,17475,1,VC_1551,,small,fish,6,0,205.2
224,4361,Grooming,4152,0,VC_926,India,extra_large,cat,7,0,182.7
225,4738,Medicine,7391,0,VC_1303,USA,small,dog,7,0,36.9
226,5032,Snack,5224,1,VC_1597,,small,fish,6,1,118.8
227,4727,Supplements,11846,0,VC_1292,Belgium,medium,cat,10,1,131.4
228,4767,Equipment,17445,1,VC_1332,Belgium,medium,cat,7,0,138.6
229,4213,Bedding,6475,0,VC_778,India,medium,hamster,9,0,198.9
230,4763,Supplements,9963,1,VC_1328,USA,medium,cat,7,0,79.2
231,4211,Equipment,15473,0,VC_776,India,extra_large,fish,10,1,24.3
232,4688,Supplements,15997,1,VC_1253,USA,medium,dog,10,1,126.9
233,4194,Medicine,12863,0,VC_759,India,large,bird,1,1,92.7
234,4848,Equipment,12938,1,VC_1413,USA,small,dog,1,1,130.5
235,4516,Accessory,7495,1,VC_1081,India,extra_large,dog,6,0,14.4
236,4812,Equipment,18801,0,VC_1377,Belgium,small,dog,2,1,44.1
237,4576,Bedding,5965,0,VC_1141,India,extra_large,dog,10,0,169.2
238,4713,Food,8520,1,VC_1278,USA,medium,cat,10,1,44.1
239,4310,Equipment,3945,1,VC_875,India,extra_small,dog,9,1,94.5
240,4885,Snack,4300,1,VC_1450,Singapore,medium,cat,6,0,104.4
241,4192,Housing,10976,0,VC_757,India,small,rabbit,1,0,74.7
242,4275,Food,12212,1,VC_840,India,extra_small,cat,4,1,22.5
243,4807,Snack,14467,0,VC_1372,Belgium,medium,cat,2,1,68.4
244,4248,Toys,15233,1,VC_813,India,medium,bird,1,1,16.2
245,4429,Food,14788,0,VC_994,India,large,cat,10,0,162.0
246,4810,Snack,13076,0,VC_1375,Singapore,small,dog,2,1,91.8
247,4904,Toys,13352,1,VC_1469,Germany,small,dog,6,0,36.9
248,4806,Equipment,16595,0,VC_1371,Turkey,small,dog,2,1,132.3
249,4527,Accessory,1146,1,VC_1092,India,small,cat,9,0,73.8
250,4680,Food,13576,1,VC_1245,India,extra_small,dog,10,0,46.8
251,4408,Snack,8427,0,VC_973,India,medium,dog,5,0,128.7
252,4305,Supplements,8195,0,VC_870,India,extra_small,cat,1,0,91.8
253,4302,Housing,17097,1,VC_867,India,small,bird,9,1,24.3
254,4328,Grooming,5494,0,VC_893,India,medium,dog,4,0,98.1
255,4882,Snack,12959,0,VC_1447,Belgium,small,dog,6,0,44.1
256,4911,Equipment,2073,1,VC_1476,Turkey,medium,cat,6,0,54.9
257,4771,Snack,1879,1,VC_1336,Turkey,medium,cat,7,0,83.7
258,4961,Toys,3180,1,VC_1526,Turkey,medium,bird,6,0,55.8
259,4761,Food,11000,1,VC_1326,Turkey,medium,cat,7,0,99.9
260,4611,Toys,14980,1,VC_1176,India,extra_large,cat,10,1,84.60000000000001
261,4369,Toys,12569,1,VC_934,India,large,cat,8,0,114.3
262,5043,Equipment,18567,1,VC_1608,Sri Lanka,medium,bird,7,1,192.6
263,4354,Equipment,8243,1,VC_919,India,large,dog,7,0,190.8
264,5031,Equipment,7267,0,VC_1596,Japan,medium,bird,6,1,37.8
265,4342,Snack,11474,1,VC_907,India,small,dog,5,1,161.1
266,4528,Food,6283,0,VC_1093,India,medium,dog,7,0,113.4
267,4370,Medicine,6585,1,VC_935,India,extra_small,dog,1,1,132.3
268,4684,Medicine,5689,0,VC_1249,India,large,dog,10,0,78.3
269,4710,Food,7525,1,VC_1275,Singapore,small,dog,10,1,36.9
270,4944,Equipment,13424,1,VC_1509,Germany,small,dog,6,0,2.7
271,4433,Bedding,10466,0,VC_998,India,medium,cat,1,0,82.8
272,4856,Toys,11051,0,VC_1421,,small,dog,1,1,71.10000000000001
273,4300,Clothes,18459,1,VC_865,,extra_small,rabbit,8,1,104.4
274,4899,Equipment,2259,1,VC_1464,Germany,medium,cat,6,0,165.6
275,4934,Toys,16554,1,VC_1499,Germany,small,dog,6,0,147.6
276,4287,Snack,12947,1,VC_852,India,small,cat,3,1,117.0
277,4492,Supplements,12592,1,VC_1057,India,small,dog,7,1,9.0
278,4919,Toys,5482,1,VC_1484,Germany,medium,cat,6,0,14.4
279,4962,Equipment,2036,1,VC_1527,,small,fish,6,0,120.6
280,4768,Snack,10036,0,VC_1333,USA,small,dog,7,1,61.2
281,4329,Accessory,3723,0,VC_894,India,large,cat,6,1,128.7
282,5045,Toys,16159,0,VC_1610,Sri Lanka,medium,bird,7,1,105.3
283,5017,Snack,1550,1,VC_1582,Belgium,medium,bird,6,1,131.4
284,4935,Equipment,5039,1,VC_1500,Singapore,medium,cat,6,0,17.1
285,4721,Supplements,1588,1,VC_1286,Turkey,medium,cat,10,0,130.5
286,4502,Medicine,8232,0,VC_1067,India,small,dog,1,1,121.5
287,4493,Grooming,13870,1,VC_1058,India,medium,cat,8,0,132.3
288,4461,Accessory,453,0,VC_1026,,extra_large,cat,2,0,42.3
289,4331,Snack,12388,0,VC_896,India,extra_large,cat,2,0,82.8
290,4379,Housing,18027,1,VC_944,India,large,cat,6,0,22.5
291,4558,Supplements,6070,0,VC_1123,India,medium,dog,10,0,51.3
292,4582,Accessory,8282,0,VC_1147,India,small,dog,10,0,90.9
293,4711,Medicine,965,1,VC_1276,Turkey,medium,cat,10,0,175.5
294,4518,Snack,1244,0,VC_1083,India,medium,dog,9,1,54.9
295,4743,Food,305,1,VC_1308,USA,medium,cat,7,0,56.7
296,4677,Toys,13145,1,VC_1242,India,small,cat,10,1,74.7
297,4276,Snack,13135,0,VC_841,India,extra_large,rabbit,9,1,72.0
298,4745,Supplements,3193,0,VC_1310,Singapore,medium,cat,7,0,177.3
299,4278,Clothes,13931,0,VC_843,India,medium,bird,6,0,147.6
300,4762,Medicine,16620,1,VC_1327,Belgium,small,dog,7,1,145.8
301,4654,Housing,12414,1,VC_1219,India,large,dog,10,1,189.9
302,4617,Snack,12339,1,VC_1182,India,small,cat,10,0,183.6
303,4694,Supplements,5358,0,VC_1259,Germany,large,dog,10,1,11.7
304,4626,Accessory,17721,1,VC_1191,India,extra_large,dog,10,1,159.3
305,4636,Grooming,17561,0,VC_1201,India,extra_large,dog,10,1,104.4
306,4508,Equipment,12470,1,VC_1073,India,medium,dog,8,0,63.0
307,4769,Toys,12597,1,VC_1334,Germany,medium,cat,7,1,16.2
308,4619,Clothes,10354,0,VC_1184,India,large,cat,10,0,175.5
309,4444,Bedding,12371,0,VC_1009,India,large,dog,6,1,91.8
310,4754,Supplements,6386,0,VC_1319,Germany,small,dog,7,0,181.8
311,4740,Food,19009,0,VC_1305,Singapore,small,dog,7,0,104.4
312,4314,Toys,8843,0,VC_879,India,large,dog,6,0,8.1
313,4753,Medicine,14142,0,VC_1318,USA,medium,cat,7,1,134.1
314,4483,Accessory,3543,1,VC_1048,India,medium,cat,6,1,123.3
315,4206,Supplements,12613,1,VC_771,India,extra_large,bird,3,1,156.6
316,4543,Bedding,5545,0,VC_1108,India,medium,cat,10,1,90.9
317,4574,Equipment,9644,1,VC_1139,India,large,dog,10,1,180.0
318,4468,Toys,19064,1,VC_1033,India,medium,dog,7,1,46.8
319,4700,Supplements,3555,0,VC_1265,Singapore,extra_small,dog,10,1,195.3
320,4819,Snack,2223,0,VC_1384,Germany,medium,cat,2,1,162.9
321,4396,Food,17116,1,VC_961,India,extra_large,dog,8,1,199.8
322,4915,Snack,10718,1,VC_1480,Singapore,medium,cat,6,0,146.7
323,4809,Equipment,5758,0,VC_1374,,medium,cat,2,1,181.8
324,4309,Snack,8478,0,VC_874,India,large,hamster,10,1,53.1
325,4933,Snack,16255,1,VC_1498,USA,medium,cat,6,0,44.1
326,4976,Toys,12770,0,VC_1541,Turkey,small,fish,6,0,126.9
327,4646,Supplements,8172,1,VC_1211,India,extra_large,dog,10,0,23.4
328,4485,Snack,1686,1,VC_1050,India,extra_small,cat,2,0,14.4
329,4803,Equipment,18779,0,VC_1368,USA,medium,cat,7,1,203.4
330,4409,Equipment,7997,0,VC_974,India,large,cat,1,1,188.1
331,4454,Clothes,14813,1,VC_1019,India,large,dog,9,1,37.8
332,4603,Grooming,3949,1,VC_1168,India,medium,cat,10,1,90.0
333,4301,Bedding,11456,1,VC_866,India,extra_large,fish,7,0,83.7
334,4735,Medicine,18467,0,VC_1300,Singapore,medium,cat,7,0,184.5
335,4838,Toys,9315,0,VC_1403,USA,small,dog,2,1,94.5
336,4894,Snack,18313,1,VC_1459,Germany,small,dog,6,0,144.9
337,4590,Medicine,9151,0,VC_1155,India,extra_small,dog,10,1,101.7
338,4959,Equipment,11990,0,VC_1524,Germany,medium,bird,6,0,129.6
339,4932,Equipment,310,0,VC_1497,Belgium,small,dog,6,0,191.7
340,4814,Toys,12657,1,VC_1379,Germany,small,dog,2,1,77.4
341,4416,Grooming,9878,0,VC_981,India,extra_large,dog,5,0,111.6
342,4288,Equipment,13652,1,VC_853,India,medium,rabbit,8,1,77.4
343,4174,Grooming,8021,1,VC_739,India,large,rabbit,4,1,189.9
344,4888,Snack,7004,0,VC_1453,USA,small,dog,6,0,127.8
345,4645,Medicine,8106,1,VC_1210,India,extra_small,cat,10,0,180.9
346,5035,Snack,7253,0,VC_1600,Sri Lanka,medium,bird,7,1,178.2
347,4435,Toys,6855,0,VC_1000,India,extra_small,cat,4,0,30.6
348,4374,Food,12491,1,VC_939,,large,dog,8,0,118.8
349,4463,Snack,5033,0,VC_1028,India,medium,cat,1,0,16.2
350,4230,Accessory,14148,0,VC_795,India,extra_small,bird,4,0,135.9
351,4726,Medicine,3778,1,VC_1291,Turkey,small,dog,10,1,153.9
352,4593,Accessory,6268,1,VC_1158,India,medium,cat,10,0,161.1
353,4177,Snack,12776,0,VC_742,,small,hamster,9,0,63.9
354,4334,Bedding,17945,1,VC_899,India,large,dog,3,1,168.3
355,5023,Snack,15872,1,VC_1588,USA,medium,bird,6,1,144.0
356,4638,Food,4898,0,VC_1203,India,medium,dog,10,0,133.2
357,4845,Equipment,9313,1,VC_1410,Singapore,medium,cat,1,1,98.1
358,4442,Equipment,8437,1,VC_1007,India,small,dog,4,0,135.0
359,4292,Toys,16336,1,VC_857,India,small,dog,3,0,99.9
360,5044,Snack,15534,1,VC_1609,Vietnam,small,fish,7,1,129.6
361,4227,Medicine,14558,0,VC_792,India,small,cat,7,0,72.9
362,4861,Snack,1217,1,VC_1426,Turkey,medium,cat,1,1,58.5
363,4926,Equipment,18795,0,VC_1491,Turkey,small,dog,6,0,27.9
364,4786,Snack,6781,0,VC_1351,Turkey,small,dog,7,1,134.1
365,4521,Bedding,10816,0,VC_1086,India,extra_large,cat,6,0,9.9
366,4931,Toys,1985,1,VC_1496,Turkey,medium,cat,6,0,203.4
367,4823,Toys,7914,0,VC_1388,USA,medium,cat,2,1,81.0
368,4723,Medicine,4819,1,VC_1288,USA,medium,cat,10,0,206.1
369,4827,Equipment,9424,1,VC_1392,Belgium,medium,cat,2,1,186.3
370,4950,Equipment,16471,0,VC_1515,Singapore,small,dog,6,0,105.3
371,4705,Medicine,6014,1,VC_1270,Singapore,extra_small,cat,10,0,89.10000000000001
372,4851,Equipment,3951,0,VC_1416,Turkey,medium,cat,1,1,56.7
373,4984,Snack,9380,0,VC_1549,Germany,small,fish,6,0,56.7
374,4967,Toys,18389,0,VC_1532,Belgium,medium,bird,6,99,27.9
375,4673,Equipment,8107,1,VC_1238,India,medium,cat,10,1,69.3
376,4185,Grooming,6370,1,VC_750,India,extra_small,cat,3,1,98.1
377,4627,Food,16301,0,VC_1192,India,small,cat,10,0,207.0
378,4348,Medicine,161,1,VC_913,India,medium,dog,1,0,110.7
379,4222,Equipment,12232,0,VC_787,India,small,rabbit,10,1,155.7
380,4290,Bedding,12969,1,VC_855,India,extra_small,bird,1,0,64.8
381,4849,Snack,12894,1,VC_1414,Germany,medium,cat,1,1,144.9
382,4530,Equipment,11849,1,VC_1095,India,extra_small,dog,3,1,125.1
383,4960,Snack,16955,1,VC_1525,Singapore,small,fish,6,0,122.4
384,4779,Equipment,1673,1,VC_1344,Germany,medium,cat,7,0,154.8
385,4264,Food,2897,0,VC_829,India,large,rabbit,6,0,154.8
386,4941,Equipment,17843,1,VC_1506,Turkey,medium,cat,6,0,58.5
387,4450,Accessory,4459,0,VC_1015,India,extra_small,dog,2,1,72.9
388,4702,Medicine,3968,0,VC_1267,Belgium,small,dog,10,1,127.8
389,4580,Supplements,14064,0,VC_1145,India,extra_small,dog,10,0,178.2
390,4522,Housing,1394,0,VC_1087,India,small,dog,9,1,173.7
391,4235,Bedding,4029,1,VC_800,India,extra_small,fish,10,99,162.0
392,4391,Toys,17882,0,VC_956,India,extra_large,cat,5,1,85.5
393,4670,Accessory,8455,1,VC_1235,India,extra_small,dog,10,1,70.2
394,4914,Equipment,8796,0,VC_1479,Germany,small,dog,6,0,130.5
395,4597,Clothes,15218,1,VC_1162,India,small,cat,10,0,3.6
396,4826,Toys,6988,0,VC_1391,Turkey,small,dog,2,1,145.8
397,4327,Supplements,3576,0,VC_892,India,small,cat,9,1,3.6
398,4844,Toys,9255,0,VC_1409,Germany,small,dog,1,1,155.7
399,4741,Medicine,11934,1,VC_1306,,medium,cat,7,0,2.7
400,4401,Housing,17893,0,VC_966,India,extra_large,cat,9,0,90.0
401,4228,Supplements,11409,1,VC_793,India,medium,rabbit,1,0,60.3
402,4568,Medicine,2479,1,VC_1133,India,medium,dog,10,0,135.9
403,4868,Toys,13115,0,VC_1433,USA,small,dog,6,0,65.7
404,4448,Supplements,14478,1,VC_1013,India,medium,dog,10,0,196.2
405,4587,Bedding,1022,0,VC_1152,India,small,cat,10,1,181.8
406,4405,Grooming,13687,0,VC_970,India,extra_small,cat,2,1,95.4
407,4475,Equipment,6010,1,VC_1040,India,extra_small,cat,5,99,180.9
408,4385,Food,15009,0,VC_950,India,extra_small,cat,9,1,103.5
409,4382,Supplements,14237,0,VC_947,India,small,dog,9,0,22.5
410,4318,Accessory,3148,0,VC_883,India,medium,dog,7,1,32.4
411,4678,Medicine,7607,1,VC_1243,India,medium,dog,10,1,117.9
412,4652,Clothes,7461,0,VC_1217,India,small,dog,10,99,192.6
413,4860,Equipment,1343,0,VC_1425,Singapore,small,dog,1,1,171.9
414,4821,Equipment,18545,1,VC_1386,Turkey,medium,cat,2,1,129.6
415,4175,Accessory,2456,1,VC_740,India,extra_small,fish,7,99,74.7
416,4195,Supplements,17638,0,VC_760,India,extra_small,hamster,5,1,189.9
417,4732,Medicine,14954,1,VC_1297,Belgium,small,dog,7,0,35.1
418,4725,Food,18693,1,VC_1290,Singapore,medium,cat,10,1,175.5
419,4921,Snack,15807,1,VC_1486,Turkey,medium,cat,6,0,10.8
420,4707,Food,6754,1,VC_1272,Belgium,medium,cat,10,0,34.2
421,4412,Housing,7666,0,VC_977,India,small,dog,1,99,11.7
422,4946,Toys,14819,0,VC_1511,Turkey,small,dog,6,0,42.3
423,4760,Supplements,11551,1,VC_1325,Singapore,small,dog,7,0,63.9
424,4794,Equipment,3681,0,VC_1359,Germany,small,dog,7,1,86.4
425,4795,Snack,450,1,VC_1360,,medium,cat,7,1,14.4
426,4820,Toys,16483,0,VC_1385,Singapore,small,dog,2,1,118.8
427,4929,Equipment,4481,0,VC_1494,Germany,medium,cat,6,0,115.2
428,4353,Snack,3319,1,VC_918,India,medium,cat,3,1,35.1
429,4225,Housing,15324,1,VC_790,India,extra_small,hamster,3,0,146.7
430,4782,Equipment,16458,0,VC_1347,Belgium,small,dog,7,0,105.3
431,4545,Toys,3918,0,VC_1110,India,extra_small,cat,10,0,181.8
432,4797,Equipment,1854,0,VC_1362,Belgium,medium,cat,7,1,170.1
433,4610,Housing,19409,1,VC_1175,India,extra_small,dog,10,0,107.1
434,4550,Food,11285,1,VC_1115,India,extra_small,dog,10,0,13.5
435,4661,Snack,1296,1,VC_1226,India,extra_large,cat,10,1,93.6
436,4720,Medicine,15914,0,VC_1285,Singapore,small,dog,10,0,17.1
437,4653,Bedding,10295,0,VC_1218,India,medium,cat,10,1,200.7
438,4362,Accessory,12961,1,VC_927,India,small,dog,2,1,206.1
439,5018,Toys,10016,1,VC_1583,USA,small,fish,6,1,133.2
440,4616,Food,5666,1,VC_1181,India,extra_large,dog,10,1,101.7
441,4188,Snack,11380,1,VC_753,India,medium,bird,7,99,54.9
442,4490,Toys,3698,0,VC_1055,India,extra_small,dog,3,0,183.6
443,4729,Medicine,19364,1,VC_1294,Germany,medium,cat,10,0,110.7
444,4630,Clothes,19438,0,VC_1195,India,extra_small,dog,10,0,82.8
445,4649,Food,4717,1,VC_1214,India,large,cat,10,1,2.7
446,4176,Food,9180,0,VC_741,India,extra_large,bird,1,0,37.8
447,4231,Food,9320,0,VC_796,India,extra_large,hamster,5,0,189.9
448,4846,Snack,4531,1,VC_1411,Turkey,small,dog,1,1,4.5
449,4317,Grooming,11637,0,VC_882,India,small,cat,8,0,67.5
450,4618,Equipment,2700,0,VC_1183,India,medium,dog,10,0,166.5
451,4333,Clothes,9807,0,VC_898,,medium,cat,10,1,36.0
452,4831,Snack,16322,1,VC_1396,Turkey,medium,cat,2,1,27.0
453,4285,Accessory,12763,1,VC_850,India,extra_small,hamster,2,0,150.3
454,4730,Supplements,12250,1,VC_1295,,small,dog,7,99,117.0
455,4662,Equipment,12373,0,VC_1227,India,small,dog,10,1,133.2
456,4709,Supplements,7619,1,VC_1274,Germany,medium,cat,10,0,136.8
457,4547,Supplements,11120,0,VC_1112,India,small,cat,10,1,22.5
458,4489,Housing,403,0,VC_1054,India,large,cat,9,1,32.4
459,5003,Toys,12882,0,VC_1568,USA,medium,bird,6,0,98.1
460,5042,Toys,9109,1,VC_1607,Vietnam,small,fish,7,1,158.4
461,4323,Bedding,13584,1,VC_888,India,medium,cat,1,0,118.8
462,4236,Housing,15242,1,VC_801,India,extra_large,bird,7,0,173.7
463,4571,Accessory,9111,0,VC_1136,India,extra_large,cat,10,1,180.9
464,4897,Snack,4555,0,VC_1462,Belgium,medium,cat,6,99,177.3
465,4864,Snack,12594,0,VC_1429,Germany,small,dog,6,1,74.7
466,4534,Toys,15140,1,VC_1099,India,large,dog,10,1,89.10000000000001
467,4406,Accessory,9882,1,VC_971,India,extra_large,dog,6,0,180.0
468,4239,Supplements,17955,1,VC_804,India,large,cat,3,1,83.7
469,4585,Equipment,6513,1,VC_1150,India,extra_small,cat,10,1,96.3
470,4583,Food,1705,1,VC_1148,India,medium,cat,10,1,205.2
471,5039,Toys,5145,1,VC_1604,Sri Lanka,medium,bird,7,1,26.1
472,4770,Equipment,1923,0,VC_1335,Singapore,small,dog,7,1,82.8
473,4755,Food,181,1,VC_1320,Singapore,medium,cat,7,1,141.3
474,4958,Toys,3157,0,VC_1523,USA,small,fish,6,0,108.9
475,4279,Bedding,7006,1,VC_844,India,large,hamster,1,1,11.7
476,4676,Housing,9702,1,VC_1241,India,extra_large,dog,10,0,184.5
477,4563,Equipment,11869,0,VC_1128,India,medium,cat,10,0,22.5
478,4312,Bedding,12829,0,VC_877,India,small,dog,7,99,153.9
479,4947,Equipment,8283,0,VC_1512,Belgium,medium,cat,6,0,85.5
480,4596,Equipment,13910,0,VC_1161,India,extra_large,dog,10,1,58.5
481,4512,Toys,7350,1,VC_1077,India,small,dog,1,0,197.1
482,4869,Equipment,15358,1,VC_1434,Germany,medium,cat,6,0,69.3
483,4519,Equipment,858,0,VC_1084,India,large,cat,8,0,149.4
484,4420,Equipment,1745,1,VC_985,India,extra_small,dog,2,1,85.5
485,4966,Snack,5458,1,VC_1531,Turkey,small,fish,6,0,123.3
486,4942,Snack,1489,0,VC_1507,Belgium,small,dog,6,0,19.8
487,4687,Medicine,15328,0,VC_1252,Belgium,small,cat,10,1,122.4
488,4555,Housing,11420,0,VC_1120,India,extra_small,cat,10,99,23.4
489,4902,Equipment,2100,0,VC_1467,Belgium,small,dog,6,0,63.0
490,4623,Medicine,8917,0,VC_1188,India,medium,cat,10,1,66.60000000000001
491,4232,Snack,14869,0,VC_797,India,small,dog,3,1,187.2
492,4303,Toys,7970,0,VC_868,India,medium,hamster,10,0,56.7
493,4296,Accessory,18050,1,VC_861,India,extra_large,bird,8,1,198.9
494,4940,Toys,13056,0,VC_1505,Singapore,small,dog,6,0,197.1
495,4828,Snack,1479,1,VC_1393,USA,small,dog,2,1,30.6
496,4887,Equipment,15840,1,VC_1452,Belgium,medium,cat,6,0,72.0
497,4400,Bedding,4345,1,VC_965,India,extra_small,dog,8,1,116.1
498,4494,Accessory,15822,1,VC_1059,,large,dog,7,1,152.1
499,4204,Toys,12209,1,VC_769,India,large,rabbit,4,1,163.8
500,4283,Supplements,16067,0,VC_848,India,medium,fish,9,0,12.6
501,4387,Equipment,9015,0,VC_952,India,small,cat,9,1,109.8
502,4486,Equipment,13683,1,VC_1051,India,extra_large,dog,8,0,175.5
503,4600,Toys,13335,0,VC_1165,India,extra_small,dog,10,0,15.3
504,4873,Snack,17039,0,VC_1438,USA,medium,cat,6,0,201.6
505,4965,Equipment,8018,0,VC_1530,Singapore,medium,bird,6,0,9.0
506,4712,Supplements,16640,0,VC_1277,Belgium,small,dog,10,0,141.3
507,4983,Equipment,8456,1,VC_1548,USA,medium,bird,6,0,162.0
508,4199,Snack,4717,0,VC_764,India,large,fish,9,1,27.9
509,4218,Grooming,1151,0,VC_783,India,medium,bird,3,0,136.8
510,4632,Housing,16550,0,VC_1197,India,small,dog,10,0,8.1
511,5007,Equipment,9952,0,VC_1572,Belgium,medium,bird,6,0,69.3
512,4414,Medicine,4063,1,VC_979,India,large,dog,3,0,185.4
513,4836,Equipment,18681,1,VC_1401,Turkey,small,dog,2,1,195.3
514,4872,Equipment,13097,1,VC_1437,Belgium,small,dog,6,0,74.7
515,4683,Food,16806,1,VC_1248,India,medium,cat,10,1,159.3
516,5012,Toys,11297,1,VC_1577,Belgium,small,fish,6,0,135.0
517,4693,Medicine,18558,1,VC_1258,USA,medium,cat,10,1,157.5
518,4660,Food,10612,0,VC_1225,India,extra_small,dog,10,1,16.2
519,4668,Supplements,1808,0,VC_1233,India,medium,dog,10,0,192.6
520,4203,Housing,7977,1,VC_768,India,medium,cat,9,1,174.6
521,4504,Grooming,6060,1,VC_1069,India,large,dog,6,0,86.4
522,4970,Toys,1130,0,VC_1535,Singapore,small,fish,6,0,157.5
523,4539,Food,7477,0,VC_1104,India,large,cat,9,0,10.8
524,4910,Toys,18901,0,VC_1475,Singapore,small,dog,6,0,36.0
525,4282,Medicine,3527,0,VC_847,India,small,rabbit,5,0,102.6
526,4371,Supplements,18419,1,VC_936,India,extra_large,cat,10,0,61.2
527,4728,Food,11434,0,VC_1293,USA,small,dog,10,1,33.3
528,4825,Snack,14560,1,VC_1390,Singapore,medium,cat,2,1,20.7
529,4719,Food,15895,1,VC_1284,Germany,medium,cat,10,99,76.5
530,4496,Snack,15385,1,VC_1061,India,extra_large,dog,10,1,89.10000000000001
531,4990,Snack,13707,1,VC_1555,Singapore,small,fish,6,0,198.9
532,4339,Grooming,11185,0,VC_904,India,large,cat,1,1,198.9
533,4622,Toys,19012,1,VC_1187,India,small,dog,10,0,18.9
534,4437,Supplements,9287,1,VC_1002,India,small,cat,6,1,114.3
535,4881,Equipment,11441,1,VC_1446,Turkey,medium,cat,6,0,18.0
536,4829,Toys,5355,1,VC_1394,Germany,medium,cat,2,1,159.3
537,4245,Clothes,1650,1,VC_810,India,extra_small,cat,6,0,27.9
538,4337,Medicine,18884,1,VC_902,India,small,cat,4,1,169.2
539,5008,Snack,175,1,VC_1573,USA,small,fish,6,0,114.3
540,4326,Medicine,15682,0,VC_891,India,extra_large,dog,3,1,4.5
541,4742,Supplements,13034,0,VC_1307,Belgium,small,dog,7,0,164.7
542,5028,Equipment,16024,0,VC_1593,USA,small,fish,6,99,7.2
543,4200,Equipment,5061,0,VC_765,India,extra_small,bird,1,1,135.9
544,4987,Snack,1412,0,VC_1552,Belgium,medium,bird,6,0,199.8
545,4466,Bedding,3614,0,VC_1031,India,extra_large,dog,1,1,78.3
546,4724,Supplements,12650,1,VC_1289,Germany,small,dog,10,0,199.8
547,4535,Medicine,16825,0,VC_1100,India,extra_small,cat,10,1,158.4
548,4789,Snack,18241,1,VC_1354,,medium,cat,7,0,162.9
549,4281,Toys,1307,0,VC_846,India,extra_large,cat,9,0,26.1
550,4817,Toys,13890,0,VC_1382,Belgium,medium,cat,2,1,36.0
551,4852,Snack,1118,1,VC_1417,Belgium,small,dog,1,1,27.0
552,5000,Toys,7560,1,VC_1565,Singapore,small,fish,6,0,92.7
553,5030,Toys,680,1,VC_1595,Singapore,small,fish,6,1,119.7
554,4714,Medicine,17802,0,VC_1279,Germany,small,dog,10,1,108.0
555,4883,Toys,19427,0,VC_1448,USA,medium,cat,6,0,150.3
556,4748,Supplements,2145,1,VC_1313,USA,small,dog,7,0,90.0
557,4183,Medicine,12506,1,VC_748,India,medium,hamster,2,1,17.1
558,4955,Toys,11271,0,VC_1520,,medium,cat,6,0,75.60000000000001
559,4351,Accessory,7942,0,VC_916,India,extra_large,cat,5,0,46.8
560,4787,Toys,12730,0,VC_1352,Belgium,medium,cat,7,1,9.0
561,4214,Housing,6636,1,VC_779,India,large,dog,6,0,154.8
562,4614,Grooming,9858,1,VC_1179,India,large,dog,10,1,166.5
563,4457,Toys,12703,0,VC_1022,India,small,cat,8,1,81.9
564,5020,Snack,16860,0,VC_1585,Singapore,small,fish,6,1,203.4
565,4286,Food,14450,1,VC_851,India,extra_large,dog,6,0,189.9
566,4884,Equipment,7695,0,VC_1449,Germany,small,dog,6,0,39.6
567,4544,Housing,3425,1,VC_1109,India,large,dog,10,0,69.3
568,4421,Clothes,5044,0,VC_986,India,extra_large,cat,9,0,178.2
569,4822,Snack,13817,1,VC_1387,Belgium,small,dog,2,1,121.5
570,4219,Accessory,9527,0,VC_784,India,large,hamster,8,0,153.9
571,4731,Food,2793,0,VC_1296,Turkey,medium,cat,7,1,191.7
572,4481,Supplements,14810,0,VC_1046,India,extra_large,cat,8,1,50.4
573,4879,Snack,12062,0,VC_1444,Germany,medium,cat,6,0,66.60000000000001
574,4757,Supplements,8105,0,VC_1322,Belgium,medium,cat,7,1,10.8
575,5014,Snack,2219,1,VC_1579,Germany,small,fish,6,1,99.9
576,4708,Medicine,15953,1,VC_1273,USA,small,dog,10,1,166.5
577,4607,Equipment,9312,0,VC_1172,India,small,cat,10,1,159.3
578,4446,Toys,460,0,VC_1011,India,extra_large,dog,9,0,86.4
579,4246,Bedding,8909,0,VC_811,India,extra_large,rabbit,10,0,140.4
580,4368,Housing,1982,0,VC_933,India,medium,dog,3,0,99.0
581,4566,Housing,10016,0,VC_1131,India,extra_large,dog,10,0,114.3
582,4321,Equipment,8104,1,VC_886,India,extra_large,cat,5,0,204.3
583,4665,Housing,7183,0,VC_1230,India,extra_small,cat,10,99,34.2
584,4398,Equipment,9489,1,VC_963,India,medium,dog,1,1,168.3
585,4971,Equipment,14305,0,VC_1536,Turkey,medium,bird,6,0,43.2
586,4604,Accessory,9676,1,VC_1169,India,large,dog,10,0,173.7
587,4939,Snack,1231,0,VC_1504,Germany,medium,cat,6,0,128.7
588,4964,Toys,16913,1,VC_1529,Germany,small,fish,6,0,50.4
589,4546,Medicine,15958,0,VC_1111,India,extra_large,dog,10,1,100.8
590,4501,Toys,7175,0,VC_1066,India,extra_large,cat,4,1,18.9
591,4791,Equipment,14791,0,VC_1356,Turkey,medium,cat,7,1,73.8
592,4772,Toys,13227,1,VC_1337,Belgium,small,dog,7,1,51.3
593,4540,Snack,690,1,VC_1105,India,extra_small,dog,10,1,159.3
594,4372,Grooming,480,0,VC_937,India,small,dog,9,0,204.3
595,4349,Supplements,9249,1,VC_914,India,large,cat,5,0,170.1
596,4256,Clothes,2996,1,VC_821,India,extra_large,dog,8,1,41.4
597,4691,Supplements,18609,0,VC_1256,Turkey,extra_large,cat,10,0,39.6
598,4866,Equipment,17755,0,VC_1431,Turkey,small,dog,6,99,89.10000000000001
599,4892,Toys,1320,1,VC_1457,,small,dog,6,0,201.6
600,4449,Grooming,10211,0,VC_1014,India,large,cat,5,0,34.2
601,4612,Medicine,15990,0,VC_1177,India,small,dog,10,0,125.1
602,4972,Snack,6525,0,VC_1537,Belgium,small,fish,6,0,76.5
603,4784,Toys,13711,1,VC_1349,Germany,small,dog,7,1,133.2
604,4272,Supplements,12544,1,VC_837,India,small,bird,5,0,171.9
605,4306,Grooming,10813,1,VC_871,India,extra_large,rabbit,8,1,201.6
606,4193,Toys,18799,1,VC_758,India,medium,fish,6,1,45.9
607,4893,Equipment,10687,0,VC_1458,USA,medium,cat,6,0,90.9
608,4658,Grooming,13627,0,VC_1223,India,medium,dog,10,99,82.8
609,4251,Grooming,8927,0,VC_816,,extra_large,cat,5,0,60.3
610,4350,Grooming,8372,1,VC_915,India,extra_small,dog,2,0,54.0
611,4462,Food,5116,1,VC_1027,,small,dog,3,1,24.3
612,4367,Bedding,1559,1,VC_932,India,small,cat,7,0,55.8
613,4229,Grooming,10825,0,VC_794,India,large,fish,10,0,68.4
614,4905,Equipment,14420,0,VC_1470,Singapore,medium,cat,6,99,159.3
615,4805,Toys,9183,0,VC_1370,Singapore,medium,cat,2,1,22.5
616,4686,Food,8343,1,VC_1251,Turkey,extra_large,dog,10,1,162.9
617,4497,Equipment,4869,1,VC_1062,India,small,cat,7,0,167.4
618,4692,Food,14459,0,VC_1257,Belgium,small,dog,10,0,107.1
619,4635,Supplements,8322,0,VC_1200,India,extra_small,cat,10,1,45.9
620,4308,Food,14794,1,VC_873,India,medium,bird,10,0,37.8
621,4573,Snack,12220,0,VC_1138,India,medium,cat,10,0,24.3
622,4336,Toys,5581,0,VC_901,India,extra_large,dog,2,1,5.4
623,4843,Snack,8726,1,VC_1408,USA,medium,cat,1,1,117.0
624,4510,Bedding,13381,0,VC_1075,India,extra_small,dog,9,1,189.9
625,4835,Toys,17975,0,VC_1400,Singapore,medium,cat,2,1,97.2
626,4459,Supplements,3980,1,VC_1024,India,large,cat,6,1,113.4
627,4445,Housing,18089,1,VC_1010,India,extra_small,cat,7,1,90.0
628,4689,Food,2392,0,VC_1254,Germany,large,cat,10,1,179.1
629,4637,Accessory,13270,1,VC_1202,,small,cat,10,99,195.3
630,4299,Equipment,4400,1,VC_864,India,large,cat,10,1,69.3
631,4376,Equipment,13576,0,VC_941,India,extra_large,dog,8,0,45.0
632,4473,Food,3534,1,VC_1038,India,medium,cat,5,0,99.0
633,4722,Food,10264,0,VC_1287,Belgium,small,dog,10,1,18.9
634,4718,Supplements,7675,1,VC_1283,USA,small,dog,10,0,42.3
635,4659,Accessory,13836,1,VC_1224,India,large,cat,10,1,187.2
636,4943,Toys,5604,1,VC_1508,USA,medium,cat,6,0,111.6
637,4324,Housing,10297,1,VC_889,India,large,dog,4,0,112.5
638,4340,Accessory,1424,1,VC_905,India,extra_small,dog,6,0,206.1
639,4517,Food,10258,1,VC_1082,India,small,cat,9,0,111.6
640,4598,Bedding,5390,1,VC_1163,India,medium,dog,10,1,9.0
641,4207,Grooming,8487,0,VC_772,India,small,hamster,5,1,54.9
642,4295,Grooming,4978,0,VC_860,India,extra_small,fish,1,0,124.2
643,4458,Medicine,7200,1,VC_1023,India,medium,dog,3,1,30.6
644,4322,Clothes,10945,1,VC_887,India,small,dog,4,0,144.9
645,5019,Equipment,10971,0,VC_1584,Germany,medium,bird,6,1,127.8
646,4499,Bedding,8518,1,VC_1064,India,large,cat,4,0,36.0
647,4507,Snack,8379,1,VC_1072,India,small,cat,2,0,200.7
648,4758,Food,17617,1,VC_1323,USA,small,dog,7,1,68.4
649,4393,Supplements,10833,1,VC_958,India,medium,cat,5,99,14.4
650,4651,Equipment,12258,1,VC_1216,India,extra_large,cat,10,1,140.4
651,5011,Snack,17821,0,VC_1576,Turkey,medium,bird,6,0,6.3
652,5006,Toys,13676,1,VC_1571,Turkey,small,fish,6,0,8.1
653,4657,Supplements,15132,1,VC_1222,India,small,cat,10,0,55.8
654,4751,Supplements,921,1,VC_1316,Turkey,medium,cat,7,1,61.2
655,4979,Toys,8287,1,VC_1544,Germany,medium,bird,6,0,68.4
656,4669,Grooming,18642,1,VC_1234,India,large,cat,10,1,70.2
657,4886,Toys,8749,1,VC_1451,Turkey,small,dog,6,0,9.9
658,4704,Food,19019,1,VC_1269,Germany,large,dog,10,0,4.5
659,4773,Equipment,18420,1,VC_1338,USA,medium,cat,7,0,24.3
660,4815,Equipment,7178,0,VC_1380,Singapore,medium,cat,2,1,16.2
661,4802,Toys,7986,0,VC_1367,Belgium,small,dog,7,1,59.4
662,4644,Toys,5100,0,VC_1209,India,large,dog,10,0,195.3
663,4257,Bedding,11416,1,VC_822,India,small,cat,10,1,81.9
664,4471,Grooming,14547,0,VC_1036,,extra_large,cat,9,0,194.4
665,4896,Equipment,17181,0,VC_1461,Turkey,small,dog,6,0,4.5
666,4180,Bedding,15927,1,VC_745,India,extra_small,rabbit,1,1,175.5
667,4172,Medicine,11850,1,VC_737,India,small,dog,5,0,189.0
668,4249,Medicine,12754,0,VC_814,India,large,hamster,9,1,50.4
669,4841,Toys,12593,1,VC_1406,Turkey,medium,cat,1,1,70.2
670,4226,Toys,12788,1,VC_791,India,extra_large,dog,3,0,9.9
671,4548,Grooming,15223,0,VC_1113,India,medium,dog,10,1,124.2
672,4472,Accessory,117,1,VC_1037,India,small,dog,4,0,25.2
673,4212,Clothes,18488,0,VC_777,India,small,bird,6,1,176.4
674,4572,Food,9167,0,VC_1137,India,small,dog,10,1,44.1
675,4422,Bedding,8251,0,VC_987,India,small,dog,2,1,174.6
676,5002,Snack,4570,0,VC_1567,,small,fish,6,0,38.7
677,4479,Toys,15993,0,VC_1044,India,large,cat,4,1,174.6
678,4209,Food,1153,1,VC_774,India,large,cat,6,0,172.8
679,4785,Equipment,6043,1,VC_1350,Singapore,medium,cat,7,1,127.8
680,4969,Snack,11370,1,VC_1534,Germany,medium,bird,6,0,59.4
681,4974,Equipment,353,1,VC_1539,Germany,small,fish,6,0,112.5
682,4578,Toys,12740,1,VC_1143,India,medium,dog,10,1,187.2
683,4703,Supplements,3413,1,VC_1268,USA,medium,cat,10,1,78.3
684,4859,Toys,18472,0,VC_1424,Germany,medium,cat,1,1,198.0
685,4903,Snack,12080,0,VC_1468,USA,medium,cat,6,0,56.7
686,4900,Snack,18341,0,VC_1465,Singapore,small,dog,6,0,151.2
687,4355,Clothes,11850,0,VC_920,India,extra_small,cat,10,0,198.9
688,4633,Toys,17585,0,VC_1198,India,medium,cat,10,1,4.5
689,4589,Toys,17900,0,VC_1154,India,large,cat,10,99,51.3
690,5038,Snack,6373,0,VC_1603,Vietnam,small,fish,7,1,12.6
691,5050,Snack,13755,1,VC_1615,Vietnam,small,fish,7,1,135.0
692,5010,Equipment,2421,0,VC_1575,Singapore,small,fish,6,0,201.6
693,4390,Housing,339,0,VC_955,,extra_small,dog,5,99,108.0
694,4247,Housing,8969,1,VC_812,India,small,fish,6,1,144.0
695,4834,Snack,16741,1,VC_1399,,small,dog,2,1,34.2
696,4908,Equipment,18741,0,VC_1473,USA,small,dog,6,0,41.4
697,4417,Accessory,12838,0,VC_982,India,small,cat,4,0,61.2
698,4252,Accessory,16101,0,VC_817,India,small,rabbit,8,1,159.3
699,4608,Clothes,499,1,VC_1173,India,medium,dog,10,1,50.4
700,4488,Bedding,15652,1,VC_1053,India,medium,dog,8,0,180.9
701,5009,Toys,927,0,VC_1574,Germany,medium,bird,6,0,156.6
702,4586,Clothes,12154,0,VC_1151,India,extra_large,dog,10,0,187.2
703,5027,Toys,2312,0,VC_1592,Belgium,medium,bird,6,1,36.9
704,4833,Equipment,10722,0,VC_1398,USA,medium,cat,2,1,61.2
705,4277,Equipment,8039,0,VC_842,India,small,fish,8,0,7.2
706,5026,Snack,3563,1,VC_1591,Turkey,small,fish,6,1,69.3
707,4675,Bedding,10878,1,VC_1240,India,extra_small,cat,10,0,143.1
708,4347,Toys,18077,0,VC_912,India,small,cat,10,1,11.7
709,4346,Housing,5282,1,VC_911,India,extra_large,dog,8,0,19.8
710,4313,Housing,11041,1,VC_878,India,medium,cat,8,0,40.5
711,4918,Snack,19149,0,VC_1483,USA,small,dog,6,0,72.9
712,4241,Accessory,15210,1,VC_806,India,extra_large,fish,4,0,72.9
713,4529,Snack,2321,0,VC_1094,,large,cat,8,0,52.2
714,4928,Toys,16956,0,VC_1493,USA,small,dog,6,0,180.0
715,4470,Supplements,8065,0,VC_1035,India,extra_small,dog,2,1,167.4
716,4523,Toys,16574,0,VC_1088,India,medium,cat,8,0,57.6
717,4484,Food,583,1,VC_1049,India,large,dog,1,0,85.5
718,4415,Supplements,4185,1,VC_980,India,extra_small,cat,9,1,22.5
719,4798,Snack,3084,1,VC_1363,USA,small,dog,7,0,144.0
720,4549,Accessory,12719,1,VC_1114,India,large,cat,10,1,165.6
721,4423,Housing,16913,1,VC_988,India,medium,cat,4,1,161.1
722,4418,Food,2128,1,VC_983,India,medium,dog,10,1,79.2
723,4359,Medicine,13753,1,VC_924,India,large,cat,3,1,76.5
724,4465,Clothes,708,0,VC_1030,India,extra_small,cat,5,99,36.0
725,4854,Equipment,10103,1,VC_1419,Germany,small,dog,1,99,48.6
726,4993,Snack,7759,1,VC_1558,USA,medium,bird,6,0,26.1
727,4601,Medicine,15886,1,VC_1166,India,extra_large,cat,10,0,154.8
728,4620,Bedding,1039,0,VC_1185,India,extra_small,dog,10,1,179.1
729,4994,Toys,5490,0,VC_1559,Germany,small,fish,6,0,98.1
730,5005,Snack,1517,1,VC_1570,Singapore,medium,bird,6,0,177.3
731,4330,Food,7754,0,VC_895,India,extra_small,dog,4,0,29.7
732,4532,Bedding,15766,1,VC_1097,India,small,dog,3,0,60.3
733,4366,Clothes,18708,0,VC_931,India,extra_large,dog,7,1,111.6
734,4746,Food,11045,0,VC_1311,Turkey,small,dog,7,99,37.8
735,4907,Toys,2285,1,VC_1472,Belgium,medium,cat,6,99,87.3
736,4524,Medicine,7330,0,VC_1089,India,large,dog,5,0,138.6
737,4992,Equipment,6377,1,VC_1557,Belgium,small,fish,6,0,10.8
738,4656,Medicine,14139,1,VC_1221,India,extra_large,dog,10,1,103.5
739,4842,Equipment,1119,1,VC_1407,Belgium,small,dog,1,1,179.1
740,4460,Grooming,4698,1,VC_1025,India,extra_small,dog,3,1,180.0
741,4968,Equipment,15346,1,VC_1533,USA,small,fish,6,0,110.7
742,4553,Clothes,3655,1,VC_1118,India,medium,cat,10,1,99.0
743,4438,Grooming,2644,0,VC_1003,India,medium,dog,7,0,68.4
744,4365,Equipment,15944,1,VC_930,India,extra_small,cat,9,1,161.1
745,4274,Accessory,14799,0,VC_839,India,large,dog,8,0,196.2
746,4715,Supplements,2856,0,VC_1280,Singapore,medium,cat,10,0,176.4
747,4559,Grooming,8362,0,VC_1124,India,large,cat,10,0,157.5
748,4223,Clothes,12752,1,VC_788,India,medium,fish,3,0,173.7
749,4202,Bedding,3766,0,VC_767,India,small,dog,7,0,153.0
750,4210,Snack,15905,1,VC_775,India,extra_small,rabbit,10,0,133.2
751,5037,Equipment,27,1,VC_1602,Sri Lanka,medium,bird,7,1,141.3
752,4889,Toys,14176,1,VC_1454,Germany,medium,cat,6,0,114.3
753,4399,Clothes,4754,0,VC_964,,large,cat,10,0,197.1
754,4621,Housing,4375,1,VC_1186,India,extra_large,cat,10,1,162.9
755,4395,Accessory,14664,1,VC_960,India,extra_small,cat,3,0,155.7
756,4357,Housing,8056,1,VC_922,India,small,cat,3,1,27.9
757,5016,Equipment,12609,1,VC_1581,Turkey,small,fish,6,1,143.1
758,4605,Food,17832,1,VC_1170,India,extra_small,cat,10,0,68.4
759,4832,Toys,11451,1,VC_1397,,small,dog,2,1,45.0
760,4392,Medicine,7248,1,VC_957,,small,dog,4,1,134.1
761,4824,Equipment,2440,1,VC_1389,Germany,small,dog,2,1,121.5
762,4672,Snack,11962,1,VC_1237,India,small,dog,10,0,26.1
763,5046,Equipment,15695,1,VC_1611,Vietnam,small,fish,7,1,194.4
764,4221,Snack,9237,0,VC_786,India,extra_large,cat,1,0,99.0
765,4800,Equipment,4362,0,VC_1365,Singapore,small,dog,7,1,100.8
766,5034,Equipment,17150,1,VC_1599,Vietnam,small,fish,7,1,144.9
767,4840,Snack,17470,0,VC_1405,Singapore,small,dog,1,1,135.0
768,4480,Medicine,13030,0,VC_1045,India,extra_small,dog,5,1,43.2
769,4332,Equipment,4002,0,VC_897,India,small,dog,9,1,182.7
770,4930,Snack,4831,0,VC_1495,Singapore,small,dog,6,0,33.3
771,4985,Toys,6760,1,VC_1550,Singapore,medium,bird,6,0,75.60000000000001
772,4804,Snack,14903,1,VC_1369,Germany,small,dog,7,1,182.7
773,5022,Equipment,19122,0,VC_1587,Belgium,small,fish,6,1,190.8
774,4667,Medicine,16669,1,VC_1232,India,small,cat,10,0,154.8
775,4436,Medicine,5946,1,VC_1001,India,extra_large,dog,6,1,63.9
776,4982,Toys,9258,0,VC_1547,Belgium,small,fish,6,0,186.3
777,4560,Accessory,18858,1,VC_1125,India,extra_small,dog,10,1,26.1
778,4262,Grooming,19069,1,VC_827,India,small,dog,6,1,81.0
779,4383,Grooming,15440,0,VC_948,India,medium,cat,1,0,170.1
780,4591,Supplements,4121,1,VC_1156,India,extra_large,cat,10,1,150.3
781,4847,Toys,8397,0,VC_1412,Belgium,medium,cat,1,1,104.4
782,4690,Medicine,9927,1,VC_1255,Singapore,extra_small,dog,10,0,32.4
783,4320,Snack,7270,1,VC_885,India,extra_small,dog,8,0,4.5
784,4781,Toys,8367,1,VC_1346,Turkey,medium,cat,7,0,154.8
785,4878,Equipment,3093,0,VC_1443,USA,small,dog,6,0,8.1
786,4304,Medicine,3700,0,VC_869,India,large,dog,2,1,159.3
787,4706,Supplements,1111,1,VC_1271,Turkey,small,dog,10,0,15.3
788,4764,Food,12127,0,VC_1329,Germany,small,dog,7,1,121.5
789,4862,Toys,19208,1,VC_1427,Belgium,small,dog,1,1,120.6
790,4378,Bedding,11708,0,VC_943,India,medium,dog,10,1,48.6
791,4631,Bedding,14841,1,VC_1196,India,extra_large,cat,10,1,48.6
792,5024,Toys,13716,1,VC_1589,Germany,small,fish,6,1,196.2
793,4402,Toys,940,0,VC_967,India,small,dog,8,0,17.1
794,4263,Accessory,16025,1,VC_828,India,medium,cat,4,1,165.6
795,4345,Bedding,3168,0,VC_910,India,extra_small,cat,1,0,83.7
796,4867,Snack,16749,1,VC_1432,Belgium,medium,cat,6,0,193.5
797,4996,Snack,17315,0,VC_1561,Turkey,small,fish,6,0,188.1
798,4584,Snack,14094,0,VC_1149,India,large,dog,10,1,138.6
799,4780,Snack,10792,1,VC_1345,Singapore,small,dog,7,1,60.3
800,4917,Equipment,4370,1,VC_1482,Belgium,medium,cat,6,0,66.60000000000001
801,4642,Bedding,10624,0,VC_1207,India,small,dog,10,1,32.4
802,4424,Toys,16005,1,VC_989,India,large,dog,7,0,78.3
803,4403,Medicine,16996,1,VC_968,India,medium,cat,5,1,186.3
804,4196,Grooming,5885,0,VC_761,India,extra_large,dog,1,1,108.9
805,4381,Medicine,7596,1,VC_946,India,extra_large,cat,8,1,23.4
806,4734,Food,17652,1,VC_1299,Germany,small,dog,7,1,12.6
807,4978,Snack,8761,1,VC_1543,USA,small,fish,6,0,91.8
808,4386,Snack,16698,0,VC_951,India,extra_large,dog,9,0,177.3
809,4643,Housing,18934,0,VC_1208,India,medium,cat,10,99,23.4
810,4344,Clothes,9314,1,VC_909,India,large,dog,5,0,29.7
811,4505,Accessory,691,1,VC_1070,India,extra_small,cat,10,0,98.1
812,4956,Equipment,945,0,VC_1521,Turkey,small,dog,6,0,155.7
813,4876,Snack,15507,0,VC_1441,Turkey,small,dog,6,0,82.8
814,4467,Housing,18241,1,VC_1032,India,small,cat,2,0,152.1
815,5041,Snack,18831,1,VC_1606,Sri Lanka,medium,bird,7,1,161.1
816,4816,Snack,5454,0,VC_1381,Turkey,small,dog,2,1,170.1
817,4736,Supplements,12014,1,VC_1301,Turkey,small,dog,7,1,117.9
818,4920,Equipment,966,0,VC_1485,Singapore,small,dog,6,0,80.10000000000001
819,4666,Toys,4501,1,VC_1231,India,extra_large,dog,10,0,36.9
820,4186,Accessory,6857,0,VC_751,India,extra_large,rabbit,5,1,129.6
821,4352,Food,3423,0,VC_917,India,small,dog,8,0,172.8
822,4973,Toys,9251,1,VC_1538,USA,medium,bird,6,0,176.4
823,4912,Snack,11837,0,VC_1477,Belgium,small,dog,6,0,159.3
824,4957,Snack,9416,1,VC_1522,Belgium,medium,cat,6,0,31.5
825,4925,Toys,2328,0,VC_1490,Singapore,medium,cat,6,0,170.1
826,4425,Medicine,10750,0,VC_990,India,extra_small,cat,3,1,94.5
827,4440,Food,5395,1,VC_1005,India,extra_small,dog,6,0,72.9
828,4948,Snack,7250,1,VC_1513,USA,small,dog,6,0,198.9
829,4739,Supplements,2128,0,VC_1304,Germany,medium,cat,7,0,67.5
830,4297,Food,13904,0,VC_862,India,small,hamster,5,0,72.0
831,4430,Snack,5108,0,VC_995,India,extra_small,dog,6,1,206.1
832,4901,Toys,9045,1,VC_1466,Turkey,medium,cat,6,0,41.4
833,4701,Food,10841,1,VC_1266,Turkey,extra_large,cat,10,1,12.6
834,4250,Supplements,10011,1,VC_815,India,extra_small,dog,2,1,61.2
835,4205,Medicine,927,0,VC_770,India,extra_small,fish,1,99,140.4
836,4747,Medicine,7353,0,VC_1312,Belgium,medium,cat,7,1,91.8
837,4487,Clothes,18307,0,VC_1052,India,small,cat,4,99,34.2
838,4579,Medicine,14641,1,VC_1144,India,large,cat,10,0,184.5
839,4397,Snack,12011,1,VC_962,India,small,cat,9,0,180.9
840,5013,Equipment,14732,0,VC_1578,,medium,bird,6,0,200.7
841,4699,Medicine,7851,0,VC_1264,Germany,large,cat,10,0,155.7
842,4695,Food,17587,1,VC_1260,Singapore,extra_small,cat,10,1,155.7
843,4569,Supplements,11488,1,VC_1134,India,large,cat,10,0,171.0
844,4311,Clothes,10820,0,VC_876,India,extra_large,cat,9,1,162.0
845,4536,Supplements,5955,1,VC_1101,India,extra_large,dog,1,0,126.0
846,4388,Clothes,12426,0,VC_953,India,medium,dog,2,0,170.1
847,4455,Bedding,18370,0,VC_1020,India,extra_small,cat,9,99,178.2
848,4924,Snack,8747,0,VC_1489,Germany,small,dog,6,0,108.9
849,4404,Supplements,6361,0,VC_969,India,large,dog,6,1,51.3
850,4564,Clothes,5194,0,VC_1129,India,large,dog,10,1,175.5
851,4552,Equipment,15367,0,VC_1117,India,small,dog,10,1,26.1
852,4749,Food,14781,1,VC_1314,Germany,medium,cat,7,1,206.1
853,4325,Toys,9923,0,VC_890,India,extra_small,cat,3,0,71.10000000000001
854,4625,Grooming,11556,0,VC_1190,India,extra_small,cat,10,1,166.5
855,4294,Supplements,1123,0,VC_859,India,large,rabbit,3,0,38.7
856,4265,Snack,15667,0,VC_830,India,extra_small,fish,10,0,89.10000000000001
857,4808,Toys,17661,0,VC_1373,USA,small,dog,2,1,106.2
858,4641,Clothes,7700,0,VC_1206,India,extra_large,cat,10,0,42.3
859,4554,Bedding,8058,0,VC_1119,India,large,dog,10,0,96.3
860,4776,Equipment,18115,0,VC_1341,Turkey,small,dog,7,1,153.0
861,4909,Snack,16349,1,VC_1474,Germany,medium,cat,6,0,189.0
862,4267,Clothes,6153,0,VC_832,India,small,hamster,9,0,62.1
863,4997,Toys,13568,0,VC_1562,Belgium,medium,bird,6,0,198.0
864,4853,Toys,13097,0,VC_1418,USA,medium,cat,1,1,122.4
865,4495,Food,2771,1,VC_1060,India,extra_small,cat,4,0,143.1
866,4407,Food,10275,0,VC_972,India,small,cat,3,1,159.3
867,4234,Clothes,2327,1,VC_799,India,large,rabbit,7,1,17.1
868,4989,Equipment,18013,0,VC_1554,Germany,medium,bird,6,0,113.4
869,4291,Housing,3004,1,VC_856,India,extra_large,hamster,7,0,64.8
870,4733,Supplements,4948,0,VC_1298,USA,medium,cat,7,0,73.8
871,4927,Snack,4699,1,VC_1492,Belgium,medium,cat,6,0,102.6
872,4949,Toys,791,1,VC_1514,Germany,medium,cat,6,0,195.3
873,4343,Equipment,9988,1,VC_908,India,medium,cat,10,1,190.8
874,4999,Snack,11302,1,VC_1564,,medium,bird,6,0,24.3
875,4243,Snack,13390,0,VC_808,India,medium,hamster,8,0,68.4
876,4783,Snack,17240,1,VC_1348,USA,medium,cat,7,1,145.8
877,4664,Bedding,15319,1,VC_1229,India,large,dog,10,1,30.6
878,4850,Toys,13219,0,VC_1415,Singapore,small,dog,1,1,48.6
